{"cameraMode":{"drawMode":0,"name":"Shaded","section":"Shading Mode"},"sceneLighting":true,"audioPlay":false,"sceneViewState":{"showFog":true,"showMaterialUpdate":false,"showSkybox":true,"showFlares":true,"showImageEffects":true,"showParticleSystems":true},"in2DMode":false,"pivot":{"x":0.7580828070640564,"y":3.9507346153259279,"z":3.743110179901123},"rotation":{"x":-0.0030090026557445528,"y":-0.9383691549301148,"z":0.34552502632141116,"w":-0.008169857785105706},"size":6.303574562072754,"orthographic":false}